team,experience,salary,points3,points2,points1,points,off_rebounds,def_rebounds,assists,steals,blocks,turnovers,fouls,efficiency
BOS,9,0,86,293,108,952,95,370,337,52,86,115,138,19.93
BOS,11,0,27,186,67,520,118,248,140,51,62,77,211,11.31
BOS,6,0,108,251,68,894,65,269,122,68,11,88,141,16.82
BOS,0,0,1,2,3,10,2,2,3,0,0,0,0,3.2
BOS,9,0,39,56,33,262,16,68,33,9,7,25,48,4.96
BOS,5,0,245,437,590,2199,43,162,448,70,13,210,167,25.45
BOS,4,0,157,176,176,999,48,367,155,73,23,80,161,16.64
BOS,2,0,12,13,6,68,6,20,4,10,2,4,15,2.52
BOS,0,0,46,146,85,515,45,175,64,35,18,68,142,7.09
BOS,6,0,45,69,26,299,59,213,71,25,17,39,122,6.37
BOS,1,0,0,15,8,38,13,21,7,3,6,9,12,2.4
BOS,3,0,68,192,90,678,73,288,148,43,29,96,207,12.2
BOS,2,0,94,175,203,835,78,227,364,125,34,159,192,12.96
BOS,1,0,57,94,51,410,40,187,131,46,11,47,69,7
BOS,4,0,0,78,22,178,43,81,42,7,21,20,61,5.33
CLE,11,0,0,0,0,0,0,0,0,0,0,0,2,0
CLE,10,0,137,101,63,676,37,253,45,33,37,53,138,10.08
CLE,12,0,0,3,3,9,1,1,1,0,0,1,1,6
CLE,11,0,22,46,21,179,1,44,86,6,6,40,42,8.46
CLE,5,0,21,33,27,156,3,54,14,5,2,14,27,6.68
CLE,1,0,0,3,0,6,4,6,1,0,6,2,3,20
CLE,5,0,94,107,71,567,39,179,109,62,27,78,150,8.12
CLE,12,0,95,28,10,351,17,96,62,40,11,26,77,7.76
CLE,13,0,31,13,13,132,3,34,14,6,10,10,37,2.94
CLE,1,0,18,40,27,161,6,35,19,8,6,14,31,3.49
CLE,0,0,7,55,35,166,3,38,58,18,7,30,38,3.9
CLE,8,0,145,225,257,1142,148,518,116,53,21,122,125,22.98
CLE,13,0,97,34,14,373,7,90,35,11,8,29,60,10.2
CLE,5,0,177,494,297,1816,52,178,418,83,24,180,157,22.81
CLE,5,0,0,1,2,4,3,1,0,1,1,2,5,1
CLE,13,0,124,612,358,1954,97,542,646,92,44,303,134,33.3
CLE,15,0,62,91,80,448,28,175,78,26,10,52,153,6.62
CLE,5,0,0,262,106,630,286,429,77,39,84,64,176,16.74
TOR,2,0,2,4,0,14,5,5,4,2,1,2,4,2.11
TOR,5,0,48,251,94,740,51,184,265,66,13,108,140,10.61
TOR,1,0,10,39,42,150,16,32,57,27,11,25,31,7.44
TOR,7,0,33,688,545,2020,70,316,290,78,13,180,134,24.09
TOR,7,0,109,111,89,638,63,212,74,81,27,54,143,9.88
TOR,0,0,11,28,18,107,4,38,35,16,3,15,36,3.14
TOR,0,0,0,67,31,165,78,87,12,17,20,29,113,5.59
TOR,4,0,1,390,176,959,226,533,57,37,63,106,216,18.23
TOR,10,0,193,233,299,1344,48,238,417,88,19,173,170,24.82
TOR,2,0,3,100,44,253,82,162,42,52,89,46,137,10.19
TOR,1,0,56,171,126,636,26,143,82,52,14,70,127,7.95
TOR,5,0,24,28,11,139,23,106,26,31,5,14,53,10
TOR,0,0,1,102,22,229,64,121,17,26,45,33,109,6.67
TOR,6,0,94,60,43,445,62,231,76,40,23,38,120,9.37
TOR,7,0,41,87,30,327,29,127,15,7,33,39,76,15.13
WAS,2,0,45,62,71,330,14,66,21,10,4,38,47,10.77
WAS,4,0,223,414,282,1779,53,187,267,83,21,156,169,20.12
WAS,7,0,11,18,12,81,8,36,108,15,0,22,32,6.48
WAS,1,0,0,0,1,1,0,2,0,1,0,1,0,1
WAS,0,0,0,12,0,24,5,17,3,2,0,3,17,1.74
WAS,0,0,0,0,0,0,0,1,0,0,0,0,0,1
WAS,8,0,0,65,43,173,47,103,19,33,24,34,90,10.29
WAS,8,0,37,137,35,420,64,194,37,21,54,58,168,7.8
WAS,6,0,89,558,422,1805,59,267,831,157,49,322,151,26.38
WAS,1,0,54,132,75,501,61,200,47,58,17,50,195,7.32
WAS,9,0,0,390,103,883,238,611,121,40,61,119,213,18.91
WAS,5,0,71,335,180,1063,107,386,126,82,42,129,254,15.71
WAS,3,0,148,266,99,1075,118,396,121,116,42,44,193,17.94
WAS,0,0,9,52,23,154,25,58,92,26,6,38,60,4.16
WAS,3,0,31,85,22,285,7,40,100,11,5,48,54,4.58
ATL,0,0,1,46,6,101,14,45,28,8,5,16,21,3.53
ATL,3,0,100,448,218,1414,42,206,499,74,16,258,149,16.8
ATL,12,0,0,388,226,1002,296,644,104,64,92,170,203,24.42
ATL,8,0,32,61,52,270,42,109,43,22,8,34,73,12.58
ATL,6,0,0,0,4,4,0,1,1,0,0,0,1,-0.5
ATL,11,0,8,15,7,61,7,25,37,4,0,15,14,5
ATL,4,0,92,203,119,801,45,186,177,91,52,125,165,10.97
ATL,12,0,19,68,64,257,60,146,29,15,21,28,69,6.66
ATL,1,0,1,2,2,9,1,6,6,1,0,4,6,1.4
ATL,0,0,26,119,75,391,10,113,193,39,1,95,112,5.6
ATL,14,0,33,24,22,169,13,55,30,9,5,14,35,6.47
ATL,3,0,46,124,49,435,76,164,95,30,41,55,97,8.84
ATL,10,0,75,355,311,1246,111,422,252,90,62,158,186,21.49
ATL,3,0,4,4,5,25,1,17,8,4,5,4,5,2.25
ATL,0,0,33,81,74,335,25,132,55,43,27,61,96,6.53
ATL,10,0,41,133,55,444,54,216,107,96,31,58,97,10.79
ATL,3,0,149,266,164,1143,35,189,182,55,15,106,103,12.86
MIL,1,0,0,0,0,0,0,0,0,0,0,0,1,-0.5
MIL,0,0,1,7,3,20,0,12,13,3,4,10,9,4.67
MIL,3,0,49,607,471,1832,142,558,434,131,151,234,246,30.14
MIL,6,0,0,387,177,951,167,365,187,92,38,140,168,16.31
MIL,2,0,65,334,162,1025,79,235,142,50,22,93,111,20.49
MIL,17,0,73,32,24,307,15,91,98,46,20,36,95,5.45
MIL,4,0,0,159,74,392,92,203,57,29,78,52,151,11.19
MIL,4,0,45,105,81,426,11,112,99,41,7,65,79,15.45
MIL,0,0,78,212,109,767,47,166,317,84,12,113,140,12.47
MIL,3,0,79,129,82,577,24,123,357,53,0,133,153,8.88
MIL,8,0,18,198,78,528,40,153,53,27,27,66,92,10.21
MIL,4,0,0,30,22,82,23,30,18,11,9,22,48,3.53
MIL,4,0,104,52,35,451,11,151,48,12,13,37,109,5.53
MIL,1,0,26,31,2,142,4,45,23,19,10,14,32,3.17
MIL,9,0,9,21,14,83,6,39,19,2,4,9,16,6.05
MIL,10,0,1,1,0,5,0,3,0,0,0,0,1,0.38
MIL,4,0,0,0,0,0,0,3,0,1,1,0,0,0.67
MIL,0,0,28,55,32,226,40,74,23,10,26,17,84,4.98
MIL,3,0,144,102,47,683,22,226,96,55,14,55,125,9.32
IND,8,0,48,73,32,322,18,51,125,25,9,66,93,4.69
IND,12,0,0,235,65,535,75,203,57,19,16,33,125,9.64
IND,11,0,169,112,84,815,30,199,48,46,25,40,151,9.96
IND,0,0,1,8,2,21,2,15,5,3,0,5,6,0.61
IND,2,0,49,109,54,419,57,189,47,41,20,37,63,8.06
IND,7,0,90,312,360,1254,33,297,639,100,32,216,165,19.9
IND,1,0,5,21,11,68,1,16,15,4,0,5,5,1.61
IND,6,0,0,109,14,232,41,101,23,7,20,29,66,6.24
IND,6,0,5,13,2,43,1,23,25,3,2,11,12,10
IND,5,0,0,77,23,177,105,114,57,18,24,29,78,6.15
IND,11,0,43,204,93,630,19,185,236,78,27,135,149,9.86
IND,1,0,40,404,245,1173,139,450,106,74,172,105,262,19.56
IND,6,0,195,427,336,1775,58,434,251,119,27,220,206,22.91
IND,1,0,0,19,21,59,26,30,4,3,6,8,37,3.31
IND,9,0,19,72,80,281,6,78,84,16,0,53,44,6.64
IND,9,0,45,317,45,814,131,317,122,113,29,95,135,14.95
CHI,8,0,6,6,11,41,1,1,6,2,0,0,4,3.78
CHI,1,0,32,151,39,437,75,221,35,16,11,37,94,8.84
CHI,1,0,11,10,1,54,1,16,15,4,0,13,14,3.18
CHI,1,0,0,128,60,316,124,187,40,25,17,33,110,8.83
CHI,0,0,73,29,14,291,11,140,63,30,7,49,86,5.39
CHI,13,0,45,369,223,1096,63,207,228,86,41,138,112,17.37
CHI,3,0,25,38,30,181,6,44,37,22,1,21,35,4.1
CHI,1,0,49,79,65,370,17,94,121,47,8,44,93,6.98
CHI,5,0,91,479,585,1816,129,341,417,143,32,159,112,26.8
CHI,2,0,6,31,9,89,21,47,19,7,0,16,12,5.6
CHI,3,0,15,97,58,297,24,129,113,38,23,66,102,8.09
CHI,2,0,129,129,99,744,61,323,75,53,55,80,128,12.34
CHI,0,0,33,55,31,240,15,110,36,15,16,40,78,5.89
CHI,1,0,0,0,0,0,0,1,0,0,0,0,0,0
CHI,10,0,50,179,30,538,73,282,461,99,11,169,144,13.96
CHI,8,0,0,382,75,839,244,276,80,18,117,91,151,13.46
MIA,4,0,85,196,82,729,18,135,200,42,20,103,95,14.33
MIA,8,0,117,417,298,1483,62,217,423,89,13,212,199,20.34
MIA,4,0,0,542,225,1309,293,795,57,57,161,154,226,27.1
MIA,7,0,87,281,152,975,66,310,276,76,86,171,197,16.01
MIA,9,0,13,31,6,107,23,51,50,10,4,23,31,6.73
MIA,1,0,75,127,60,539,35,133,140,60,39,65,132,10.75
MIA,1,0,7,73,29,196,23,71,66,26,6,33,52,11.67
MIA,6,0,87,26,11,324,12,129,36,20,11,25,118,4.99
MIA,0,0,12,21,20,98,25,57,21,10,10,18,52,4.26
MIA,0,0,73,117,44,497,94,162,124,46,18,56,140,7.88
MIA,2,0,93,264,195,1002,50,243,233,84,44,90,176,15.05
MIA,13,0,0,11,9,31,8,28,6,6,1,8,22,3.75
MIA,7,0,149,82,37,648,18,114,70,35,4,30,70,8.63
MIA,1,0,1,161,49,374,129,203,26,18,47,31,137,9.06
DET,4,0,2,481,137,1105,345,770,90,124,89,152,237,23.99
DET,4,0,0,143,79,365,111,222,32,17,39,50,166,8
DET,12,0,11,81,32,227,6,51,131,13,0,36,29,7.36
DET,1,0,0,72,47,191,46,84,9,6,12,10,25,7.94
DET,1,0,12,35,21,127,2,31,33,11,2,28,39,2.54
DET,0,0,10,13,4,60,8,33,7,1,1,14,6,2.89
DET,6,0,28,301,72,758,21,214,418,61,33,112,127,12.01
DET,5,0,49,261,98,767,102,300,111,31,26,66,145,12.47
DET,3,0,153,217,154,1047,55,193,193,89,12,86,118,12.43
DET,5,0,118,303,145,1105,77,289,160,52,25,87,168,13.1
DET,0,0,0,1,2,4,2,1,2,0,0,0,2,0
DET,3,0,28,26,5,141,13,51,29,18,3,10,22,5.52
DET,5,0,66,218,118,752,21,93,270,35,5,114,129,12.87
DET,1,0,45,84,36,339,36,153,105,56,24,71,121,5.27
DET,5,0,109,402,190,1321,63,353,142,60,39,96,133,16.22
CHO,1,0,0,0,1,1,0,3,3,0,0,0,2,0.6
CHO,4,0,17,29,33,142,5,34,52,9,1,26,18,3.44
CHO,1,0,1,19,9,50,8,14,16,9,0,5,12,5.08
CHO,1,0,0,12,11,35,14,15,2,3,6,7,11,4.38
CHO,3,0,0,253,133,639,135,270,99,62,58,65,189,16.26
CHO,1,0,116,204,118,874,57,279,162,46,34,76,139,11.92
CHO,4,0,41,185,110,603,30,234,75,27,23,40,98,11.08
CHO,2,0,1,7,1,18,4,4,4,0,0,3,6,5
CHO,5,0,240,403,304,1830,45,263,434,85,22,168,119,21.58
CHO,9,0,102,162,150,780,14,164,147,44,9,70,90,9.96
CHO,11,0,124,173,131,849,89,411,106,58,53,60,134,14.46
CHO,4,0,1,294,152,743,156,409,114,81,77,56,187,14.83
CHO,0,0,0,1,0,2,2,1,1,0,0,1,2,1
CHO,8,0,135,258,243,1164,46,435,456,86,29,194,109,18.7
CHO,9,0,21,79,91,312,11,62,129,27,3,46,43,6.7
CHO,0,0,9,10,10,57,5,17,6,6,1,3,18,2.52
NYK,13,0,151,451,304,1659,62,376,213,60,34,153,198,19.78
NYK,0,0,10,18,29,95,6,21,28,6,1,16,28,5.39
NYK,8,0,108,213,85,835,53,206,179,81,24,69,141,12.03
NYK,7,0,13,447,221,1154,66,180,283,44,17,147,84,16.88
NYK,9,0,0,99,34,232,162,241,103,30,37,58,127,14
NYK,3,0,97,136,66,629,27,198,102,65,31,66,109,8.3
NYK,1,0,112,331,198,1196,111,364,97,47,129,118,244,19.45
NYK,4,0,2,213,64,496,157,282,117,36,104,76,174,11.62
NYK,5,0,38,59,43,275,32,110,35,21,5,25,85,6.65
NYK,0,0,0,16,8,40,23,28,10,4,4,12,23,3.95
NYK,0,0,1,38,19,98,22,42,8,15,8,12,30,4.19
NYK,0,0,54,104,55,425,47,79,69,29,11,51,79,5.85
NYK,0,0,23,59,28,215,12,86,107,34,8,56,74,5.21
NYK,9,0,23,19,17,124,12,47,52,13,2,16,38,3.33
NYK,0,0,4,242,91,587,170,332,96,41,36,100,150,13.1
ORL,2,0,77,316,156,1019,116,289,150,65,40,89,172,13.97
ORL,1,0,1,3,0,9,2,5,2,0,0,1,2,6
ORL,2,0,0,2,0,4,2,4,2,0,1,2,3,1.12
ORL,5,0,0,179,125,483,157,410,74,25,91,95,202,12.16
ORL,9,0,32,64,57,281,16,73,114,43,2,47,84,5.32
ORL,2,0,3,5,2,21,4,8,12,2,1,6,8,0.86
ORL,8,0,95,100,131,616,15,102,209,31,1,90,101,7.21
ORL,2,0,20,11,0,82,5,20,20,12,1,9,31,1.64
ORL,2,0,40,390,146,1046,89,298,529,88,40,178,177,17.44
ORL,4,0,128,280,223,1167,44,165,202,66,4,141,180,14.49
ORL,8,0,53,167,145,638,39,175,81,37,13,75,103,8.26
ORL,7,0,56,47,65,327,5,72,45,34,4,36,41,8.28
ORL,0,0,1,1,9,14,1,8,3,1,0,2,5,4
ORL,1,0,43,74,40,317,20,126,62,30,15,58,74,4.6
ORL,5,0,23,460,107,1096,176,603,208,76,74,117,180,20.91
ORL,0,0,0,0,0,0,1,6,0,0,0,3,4,-0.6
ORL,0,0,0,10,3,23,11,24,4,2,5,3,17,2.37
ORL,4,0,46,69,23,299,4,64,43,34,13,35,61,11.25
PHI,0,0,6,19,8,64,11,18,5,3,2,3,14,11.83
PHI,0,0,106,275,172,1040,112,401,182,57,30,183,162,13.49
PHI,7,0,61,173,133,662,34,151,112,40,15,62,129,8.79
PHI,3,0,26,40,13,171,15,69,26,14,6,9,55,6.42
PHI,1,0,0,242,106,590,81,159,58,20,49,91,122,12.74
PHI,8,0,2,9,9,33,3,9,13,0,0,9,4,9.33
PHI,0,0,36,164,191,627,61,182,66,27,76,117,112,22.35
PHI,1,0,21,54,32,203,30,66,34,13,7,26,45,10
PHI,2,0,2,3,0,12,2,3,2,0,0,4,2,2.67
PHI,2,0,132,119,122,756,21,205,188,45,32,128,144,9.2
PHI,1,0,27,203,72,559,94,217,58,42,55,55,136,13.82
PHI,3,0,137,155,143,864,92,344,102,127,69,131,203,15.33
PHI,4,0,92,118,18,530,21,136,344,49,4,128,95,9.26
PHI,0,0,7,54,19,148,41,44,13,9,9,13,49,11.28
PHI,1,0,11,225,73,556,39,212,534,134,10,159,139,12.96
PHI,6,0,2,12,9,39,8,14,4,1,1,6,8,5.5
PHI,0,0,50,95,105,445,25,124,75,32,10,73,154,6.12
BRK,4,0,2,11,2,30,4,23,3,5,0,6,18,3.8
BRK,3,0,13,25,26,115,25,53,12,5,3,12,18,6.39
BRK,3,0,4,30,23,95,7,21,23,4,4,14,7,9.42
BRK,8,0,134,421,295,1539,121,282,176,38,124,184,192,19.72
BRK,0,0,59,112,67,468,23,165,110,49,8,59,91,9.74
BRK,6,0,1,1,2,7,0,2,5,1,1,1,6,3
BRK,0,0,44,160,91,543,32,152,192,42,36,142,175,7.55
BRK,6,0,58,117,115,523,11,124,184,42,14,86,79,16.31
BRK,2,0,85,69,35,428,16,131,54,30,8,55,121,7.77
BRK,2,0,55,119,39,442,71,191,55,29,43,43,91,9.11
BRK,2,0,11,35,23,126,9,43,9,12,10,19,25,6.75
BRK,9,0,17,54,25,184,51,88,37,14,4,34,63,7.33
BRK,4,0,36,29,43,209,18,89,18,14,15,19,58,8
BRK,10,0,67,51,54,357,9,146,135,35,9,80,99,5.86
BRK,1,0,15,220,190,675,96,356,154,82,44,116,177,12.62
BRK,2,0,105,200,204,919,22,258,157,45,6,135,118,12.03
BRK,2,0,38,96,126,432,27,137,185,44,23,66,119,10.41
BRK,6,0,25,280,74,709,143,428,138,75,28,127,152,15.61
BRK,0,0,8,10,10,54,4,8,17,2,2,14,11,4.2
GSW,12,0,0,5,8,18,12,15,10,3,3,8,16,3.14
GSW,12,0,64,155,72,574,51,253,261,76,39,58,97,13.16
GSW,0,0,0,8,3,19,9,14,0,1,4,6,15,3.3
GSW,13,0,3,132,43,316,47,156,151,42,48,78,105,8.31
GSW,4,0,81,191,151,776,98,501,533,154,106,184,217,21.13
GSW,3,0,61,150,44,527,22,99,90,39,8,55,77,6.6
GSW,2,0,2,60,21,147,34,57,18,18,29,19,47,4.4
GSW,8,0,0,208,56,472,100,144,17,19,67,40,109,8.68
GSW,9,0,117,434,336,1555,39,474,300,66,99,138,117,30.97
GSW,1,0,2,54,21,135,44,80,29,15,17,17,64,4.75
GSW,5,0,268,376,186,1742,49,236,160,66,40,128,139,18.37
GSW,13,0,18,20,20,114,15,76,45,12,9,24,47,9.75
GSW,0,0,41,65,29,282,21,79,77,32,15,36,62,4.66
GSW,11,0,1,172,42,389,28,123,139,38,20,62,120,7
GSW,7,0,324,351,325,1999,61,292,524,142,17,239,183,25.67
GSW,13,0,0,164,98,426,140,270,132,59,33,87,166,11.86
SAS,0,0,17,19,5,94,2,21,23,1,0,11,20,1.86
SAS,7,0,118,58,27,497,31,193,124,70,57,76,120,9.16
SAS,11,0,0,248,80,576,149,292,124,31,40,82,125,12.13
SAS,0,0,69,34,28,303,22,76,46,20,28,32,75,4.96
SAS,0,0,9,41,21,130,6,36,48,8,6,38,29,3.42
SAS,3,0,0,161,65,387,129,367,44,37,61,61,180,11.39
SAS,9,0,0,10,5,25,8,23,3,2,6,4,11,3
SAS,1,0,30,147,99,483,20,140,126,47,25,76,146,6.68
SAS,5,0,147,489,469,1888,80,350,260,133,55,154,122,26.16
SAS,2,0,15,78,45,246,33,175,91,51,26,39,63,6.49
SAS,10,0,23,477,220,1243,172,351,139,46,88,98,158,19.33
SAS,14,0,89,82,86,517,28,129,183,82,16,96,119,8.57
SAS,0,0,10,10,9,59,1,9,28,4,1,19,19,3.11
SAS,7,0,147,126,66,759,24,117,280,65,3,101,109,9.99
SAS,15,0,56,247,130,792,107,394,150,24,70,81,110,18.05
SAS,15,0,23,242,85,638,9,104,285,34,2,89,92,10.78
HOU,2,0,14,9,2,62,0,6,14,1,0,5,5,1.64
HOU,0,0,0,5,4,14,2,8,3,3,1,4,6,5
HOU,2,0,0,362,94,818,178,348,63,34,79,87,179,18.95
HOU,8,0,246,166,147,1217,29,172,188,48,41,121,150,12.93
HOU,0,0,0,1,1,3,1,2,3,1,1,0,6,1.25
HOU,7,0,262,412,746,2356,95,564,907,121,38,464,215,34.05
HOU,11,0,41,61,98,343,12,58,56,15,9,40,25,12.65
HOU,1,0,1,224,76,527,81,138,64,20,42,44,126,12.21
HOU,14,0,3,242,116,609,95,187,65,56,39,73,163,12.33
HOU,4,0,110,118,73,639,95,298,281,99,25,100,222,15.25
HOU,8,0,204,119,129,979,112,218,68,31,14,55,142,12.74
HOU,1,0,60,143,38,504,94,190,76,38,21,41,83,8.52
HOU,12,0,191,135,93,936,54,404,175,147,20,73,133,14.89
HOU,0,0,8,14,6,58,9,15,6,3,1,6,18,10.67
LAC,7,0,14,16,12,86,3,21,11,3,0,7,35,2.23
LAC,4,0,111,212,132,889,20,141,204,48,10,115,187,10.66
LAC,6,0,38,441,320,1316,112,385,300,57,22,142,157,25.54
LAC,11,0,1,106,77,292,43,86,21,14,11,29,45,6.9
LAC,0,0,0,2,0,4,1,2,1,2,1,1,0,1.67
LAC,11,0,124,250,232,1104,40,264,563,119,8,147,146,25.25
LAC,8,0,0,412,205,1029,298,816,96,51,134,115,212,26.47
LAC,0,0,0,3,4,10,1,5,0,0,1,2,5,0.71
LAC,10,0,201,195,180,1173,11,160,110,54,13,98,125,11.91
LAC,16,0,116,243,174,1008,17,112,214,61,14,134,115,9.52
LAC,8,0,43,148,59,484,44,126,39,81,35,46,122,7.2
LAC,8,0,103,141,120,711,88,285,65,23,41,69,229,10.24
LAC,18,0,15,13,10,81,1,47,10,4,5,16,40,3.6
LAC,11,0,46,175,50,538,33,185,191,66,22,83,125,8.24
LAC,6,0,29,44,11,186,26,155,23,29,30,18,83,4.47
UTA,5,0,25,74,60,283,17,103,30,18,5,35,50,6.48
UTA,13,0,20,126,26,338,46,112,170,18,9,87,83,5.82
UTA,1,0,44,111,58,412,30,102,111,21,12,80,146,6.06
UTA,6,0,3,200,67,476,92,213,56,45,40,60,103,12.96
UTA,8,0,94,195,157,829,23,144,204,50,11,85,114,17.53
UTA,6,0,149,396,362,1601,49,345,252,73,20,140,117,21.77
UTA,3,0,0,55,36,146,52,69,7,16,32,14,52,5.1
UTA,2,0,123,81,50,581,23,238,225,96,8,107,163,9.96
UTA,15,0,106,167,63,715,33,210,144,36,18,69,93,9.41
UTA,0,0,1,8,3,22,4,13,2,1,2,2,1,2.92
UTA,1,0,10,31,8,100,4,26,34,21,5,15,48,3.12
UTA,2,0,114,158,90,748,16,186,96,38,11,65,132,10.78
UTA,3,0,0,413,311,1137,314,721,97,49,214,147,246,26.83
UTA,5,0,37,133,53,430,20,105,154,42,3,90,100,8.24
UTA,1,0,65,94,57,440,48,187,69,26,20,64,97,6.28
OKC,0,0,94,40,44,406,18,68,40,37,8,33,114,4.96
OKC,3,0,45,170,47,522,98,305,79,94,79,51,204,11.11
OKC,0,0,51,141,44,479,46,242,82,39,32,83,200,6.77
OKC,2,0,21,35,12,145,6,43,13,2,1,6,22,6.18
OKC,5,0,5,397,224,1033,195,287,67,32,38,123,154,16.58
OKC,2,0,43,103,86,421,38,161,46,33,75,41,144,7.28
OKC,1,0,2,4,0,14,4,5,3,0,3,0,0,12
OKC,4,0,7,27,13,88,8,40,9,7,5,11,29,3.03
OKC,12,0,0,14,5,33,9,22,12,2,2,4,17,3.35
OKC,5,0,3,13,8,43,0,11,14,8,0,7,18,2.54
OKC,8,0,200,624,710,2558,137,727,840,132,31,438,190,35.43
OKC,0,0,12,65,17,183,19,68,130,28,7,43,79,3.84
OKC,3,0,0,374,157,905,281,332,86,89,78,146,195,16.8
OKC,7,0,1,88,28,207,38,65,13,14,15,28,40,10.17
OKC,3,0,127,285,116,1067,39,252,176,78,21,119,155,14.84
MEM,0,0,43,74,148,425,23,113,198,53,21,85,194,7.01
MEM,8,0,0,83,23,189,31,47,15,11,20,10,42,8.96
MEM,5,0,25,50,35,210,6,78,55,20,5,24,52,5.97
MEM,0,0,0,24,10,58,20,40,2,3,17,8,40,3.03
MEM,2,0,51,95,86,429,69,190,64,46,19,59,165,9.11
MEM,2,0,55,195,134,689,167,377,84,47,34,94,248,13.69
MEM,1,0,9,49,40,165,42,120,8,17,9,28,91,5.71
MEM,8,0,104,428,278,1446,60,404,338,67,99,166,171,21.89
MEM,9,0,171,293,316,1415,31,210,433,92,19,156,126,21.72
MEM,7,0,7,36,24,117,13,48,56,18,5,21,50,6.75
MEM,12,0,15,259,80,643,166,225,98,115,29,100,178,12.04
MEM,3,0,138,47,43,551,22,78,46,20,4,45,90,5.46
MEM,18,0,112,81,88,586,36,191,133,60,36,50,163,9.52
MEM,0,0,3,33,31,106,11,35,61,18,7,39,40,3.64
MEM,0,0,3,17,12,55,1,10,12,4,1,9,12,4
MEM,15,0,21,412,141,1028,182,416,122,38,10,99,136,15.97
POR,6,0,70,113,96,532,77,374,99,60,44,94,102,13.26
POR,3,0,134,169,105,845,19,207,94,54,20,62,171,10.54
POR,3,0,185,507,268,1837,60,229,285,72,42,172,202,20.05
POR,4,0,214,447,488,2024,46,322,440,68,20,197,152,25.28
POR,6,0,0,75,50,200,96,148,26,15,22,37,137,8.76
POR,6,0,31,204,85,586,36,211,205,53,24,100,121,10.74
POR,0,0,13,13,13,78,6,18,11,9,3,11,22,1.46
POR,2,0,0,120,64,304,65,142,63,25,38,62,73,22.95
POR,4,0,68,246,77,773,125,216,88,85,70,86,214,12.48
POR,4,0,74,72,35,401,27,210,71,13,28,35,172,6.53
POR,2,0,7,123,60,327,131,256,31,30,27,64,154,8.08
POR,1,0,17,20,7,98,10,42,28,6,2,17,23,3.44
POR,2,0,34,39,38,218,8,53,67,32,2,41,38,4.32
DEN,7,0,0,3,5,11,4,11,6,5,1,4,14,1.77
DEN,7,0,126,209,349,1145,39,286,135,40,15,82,93,18.46
DEN,7,0,53,42,19,262,25,87,42,19,21,36,76,7.32
DEN,1,0,56,152,131,603,29,149,217,41,13,123,95,10.65
DEN,2,0,107,213,104,851,48,130,164,71,8,76,92,15.42
DEN,0,0,115,180,106,811,41,173,170,51,24,113,124,8.8
DEN,12,0,106,162,45,687,28,164,385,54,8,128,197,11.49
DEN,2,0,0,1,1,3,1,1,2,1,0,0,3,4
DEN,0,0,46,55,57,305,43,144,29,30,12,31,62,6.6
DEN,5,0,0,228,131,587,183,279,55,43,40,59,124,15.41
DEN,0,0,9,24,8,83,5,12,11,7,0,8,10,3.18
DEN,3,0,0,99,47,245,50,123,70,19,29,46,77,15.11
DEN,16,0,8,1,2,28,2,36,22,2,0,13,9,3.15
DEN,1,0,45,449,188,1221,212,506,359,61,55,171,214,25.79
DEN,8,0,0,2,0,4,1,1,1,0,2,1,3,1.17
DEN,4,0,87,208,143,820,58,201,206,48,28,97,110,14.88
DEN,8,0,110,323,141,1117,103,357,141,51,30,114,172,16.61
NOP,6,0,0,89,29,207,46,131,12,20,22,31,77,8.15
NOP,4,0,40,730,519,2099,172,712,157,94,167,181,168,32.85
NOP,0,0,0,36,15,87,23,50,4,4,7,7,17,7.53
NOP,7,0,71,103,16,435,56,221,37,39,28,28,100,9.14
NOP,6,0,36,106,94,414,37,174,66,25,19,62,75,29.47
NOP,4,0,11,46,25,150,26,75,32,18,11,31,55,5.88
NOP,5,0,77,206,57,700,33,119,164,50,32,62,131,9.59
NOP,11,0,0,2,2,6,0,0,5,2,0,3,4,4.5
NOP,4,0,37,68,20,267,4,30,57,11,2,25,30,12.26
NOP,7,0,100,305,119,1029,46,218,488,100,44,194,133,18.55
NOP,6,0,0,31,23,85,48,115,15,5,10,14,51,7.42
NOP,7,0,2,3,0,12,1,1,0,0,0,2,3,8
NOP,0,0,6,16,2,52,1,3,14,3,0,5,7,5.44
NOP,6,0,5,3,6,27,2,4,4,3,0,0,2,4.17
NOP,3,0,94,89,103,563,51,256,141,72,32,82,182,9.22
NOP,2,0,40,123,98,464,34,139,335,56,6,101,133,10.65
DAL,0,0,5,12,9,48,8,28,4,1,13,10,21,3.05
DAL,0,0,0,0,0,0,0,2,0,0,0,1,1,-0.67
DAL,3,0,0,3,2,8,3,4,0,2,0,0,3,14
DAL,12,0,58,78,107,437,11,116,136,43,7,57,101,7.51
DAL,18,0,79,217,98,769,23,330,82,30,38,51,113,15.54
DAL,0,0,56,68,46,350,55,167,67,52,25,45,125,5.7
DAL,2,0,21,173,107,516,93,213,49,61,39,34,135,9.79
DAL,4,0,78,521,242,1518,93,301,116,65,15,102,128,16.77
DAL,10,0,53,89,44,381,9,75,193,14,1,63,30,11.69
DAL,0,0,3,13,5,40,8,14,9,2,4,3,8,5.78
DAL,0,0,15,20,21,106,1,21,26,8,0,21,21,4.76
DAL,3,0,0,3,2,8,3,6,2,0,0,2,1,1.25
DAL,2,0,0,77,34,188,47,103,20,22,24,22,55,14.77
DAL,0,0,29,23,17,150,26,69,47,17,8,26,43,3.74
DAL,0,0,3,10,6,35,1,8,19,2,0,3,5,4.5
DAL,1,0,1,87,36,213,97,211,14,32,61,40,152,7.38
DAL,3,0,137,201,85,898,25,154,189,79,7,92,126,12.79
DAL,7,0,174,159,146,986,18,241,210,77,15,102,161,12.75
SAC,8,0,90,65,61,461,51,186,77,34,20,56,109,8.88
SAC,9,0,62,123,83,515,9,116,78,21,6,42,104,7.67
SAC,3,0,65,115,70,495,19,110,51,29,6,62,108,6.7
SAC,0,0,59,83,35,378,16,87,44,20,2,53,34,13.6
SAC,7,0,73,267,147,900,23,129,312,67,9,114,119,14
SAC,6,0,82,101,58,506,32,152,168,84,28,78,141,9.89
SAC,0,0,0,56,12,124,24,62,20,3,17,24,44,8.18
SAC,9,0,4,0,0,12,1,2,9,2,0,3,1,7.5
SAC,8,0,0,216,38,470,118,285,47,36,48,61,172,10.8
SAC,2,0,19,23,11,114,7,28,28,6,1,18,20,5.47
SAC,0,0,8,20,15,79,3,20,11,5,1,8,23,3.23
SAC,10,0,42,159,118,562,35,155,83,44,26,74,79,19.67
SAC,0,0,3,114,52,289,51,111,27,16,13,37,64,11.18
SAC,7,0,34,203,173,681,44,135,334,74,6,129,119,12.46
SAC,7,0,21,38,24,163,7,44,33,12,5,22,19,11.29
SAC,1,0,0,255,101,611,85,254,80,53,44,69,147,11.09
MIN,2,0,3,20,14,63,9,24,7,8,7,8,32,4.39
MIN,2,0,103,606,412,1933,102,226,189,82,30,187,183,18.46
MIN,8,0,44,26,13,197,16,83,45,22,23,28,42,5.13
MIN,6,0,0,45,15,105,51,107,25,25,23,17,85,4.48
MIN,3,0,16,316,136,816,188,459,158,88,95,107,254,16.68
MIN,7,0,0,1,0,2,0,0,1,2,0,0,0,0.4
MIN,7,0,0,5,2,12,8,6,0,1,0,4,9,2.14
MIN,1,0,101,701,356,2061,296,711,220,56,103,212,241,31.18
MIN,0,0,21,97,36,293,24,142,188,78,36,89,178,6.12
MIN,1,0,56,95,45,403,57,187,79,40,20,59,154,8.03
MIN,5,0,60,201,254,836,68,237,682,128,10,195,202,18.36
MIN,3,0,49,239,147,772,84,136,35,22,6,56,86,8.83
MIN,1,0,26,49,33,209,10,57,156,48,5,38,50,5.68
MIN,2,0,120,206,117,889,19,141,139,41,10,85,104,16.38
LAL,0,0,55,221,133,740,60,256,166,50,36,116,158,9.9
LAL,9,0,5,48,18,129,11,41,36,24,8,19,29,6.75
LAL,1,0,135,216,147,984,31,190,303,87,16,176,130,14.59
LAL,0,0,1,46,25,120,17,46,14,13,7,11,36,8.6
LAL,0,0,0,126,32,284,41,118,30,14,33,30,66,9.95
LAL,2,0,117,360,134,1205,49,197,213,88,8,164,150,12.22
LAL,2,0,17,360,204,975,150,486,264,49,37,173,248,18.81
LAL,12,0,51,113,46,425,63,232,74,48,20,43,61,9.98
LAL,16,0,9,10,10,57,5,15,11,10,2,7,18,1.76
LAL,9,0,170,102,77,791,25,113,58,37,14,36,137,10.68
LAL,2,0,1,149,82,383,144,199,39,29,44,58,173,9.49
LAL,4,0,0,105,31,241,84,139,31,26,9,46,76,8.19
LAL,6,0,0,169,63,401,104,160,43,16,31,72,133,9.7
LAL,2,0,21,44,19,170,5,21,52,19,2,21,29,7.68
PHO,1,0,0,138,70,346,94,198,23,27,32,37,125,11.79
PHO,3,0,3,227,150,613,156,354,44,38,98,102,242,12.57
PHO,5,0,45,164,132,595,25,93,130,27,5,88,87,8.72
PHO,0,0,3,65,29,168,39,40,12,14,13,13,63,6.88
PHO,1,0,147,459,367,1726,46,203,268,72,21,241,242,16.28
PHO,0,0,28,29,4,146,23,80,23,10,22,32,74,3.91
PHO,2,0,0,1,1,3,3,3,1,0,0,2,2,1
PHO,6,0,104,345,388,1390,52,268,418,91,31,224,164,21.83
PHO,9,0,77,80,43,434,31,194,121,42,16,73,154,9
PHO,1,0,4,2,8,24,1,6,0,1,0,1,1,3.6
PHO,4,0,1,1,2,7,0,1,1,0,0,0,0,1.5
PHO,13,0,35,137,40,419,15,89,81,31,8,48,82,5.6
PHO,0,0,72,212,113,753,96,252,60,67,70,108,263,10.27
PHO,11,0,3,1,3,14,3,8,18,11,1,3,14,2.29
PHO,2,0,26,377,119,951,125,214,75,76,39,57,175,15.33
PHO,0,0,21,163,55,444,20,75,226,48,5,77,73,8
PHO,15,0,0,153,91,397,153,386,30,33,24,65,126,18.79
